RI,Na,Mg,Al,Si,K,Ca,Ba,Fe
1.5159,13.02,3.58,1.51,73.12,0.69,7.96,0,0
1.523,13.31,3.58,0.82,71.99,0.12,10.17,0,0.03
1.51994,13.27,0,1.76,73.03,0.47,11.32,0,0
1.5161,13.33,3.53,1.34,72.67,0.56,8.33,0,0
1.52081,13.78,2.28,1.43,71.99,0.49,9.85,0,0.17
1.52101,13.64,4.49,1.1,71.78,0.06,8.75,0,0
1.51748,12.86,3.56,1.27,73.21,0.54,8.38,0,0.17
1.51793,12.79,3.5,1.12,73.03,0.64,8.77,0,0
1.52058,12.85,1.61,2.17,72.18,0.76,9.7,0.24,0.51
1.51818,13.72,0,0.56,74.45,0,10.99,0,0
